period,currency,usd_rate_avg
2015-Q1,COP,2474.603103
2015-Q1,ARS,8.689278
2015-Q1,GTQ,7.635625
2015-Q1,UYU,24.795077
2015-Q1,CRC,535.949827
2015-Q1,DOP,44.747341
2015-Q1,PEN,3.058577
2015-Q1,MXN,14.945222
2015-Q1,CLP,624.343402
2015-Q2,COP,2496.378772
2015-Q2,ARS,8.950055
2015-Q2,GTQ,7.676154
2015-Q2,UYU,26.589077
2015-Q2,CRC,533.586986
2015-Q2,DOP,44.859027
2015-Q2,PEN,3.14388
2015-Q2,MXN,15.331135
2015-Q2,CLP,617.439741
2015-Q3,COP,2936.11871
2015-Q3,ARS,9.25087
2015-Q3,GTQ,7.662259
2015-Q3,UYU,28.341538
2015-Q3,CRC,534.593819
2015-Q3,DOP,45.143995
2015-Q3,PEN,3.21274
2015-Q3,MXN,16.438049
2015-Q3,CLP,676.661436
2015-Q4,COP,3063.230339
2015-Q4,ARS,10.230217
2015-Q4,GTQ,7.648327
2015-Q4,UYU,29.525615
2015-Q4,CRC,534.132448
2015-Q4,DOP,45.431633
2015-Q4,PEN,3.315521
2015-Q4,MXN,16.754382
2015-Q4,CLP,697.851556
2016-Q1,COP,3262.386667
2016-Q1,ARS,14.598352
2016-Q1,GTQ,7.676236
2016-Q1,UYU,31.478538
2016-Q1,CRC,536.180788
2016-Q1,DOP,45.729667
2016-Q1,PEN,3.471615
2016-Q1,MXN,18.056369
2016-Q1,CLP,702.700163
2016-Q2,COP,2992.998548
2016-Q2,ARS,14.425275
2016-Q2,GTQ,7.676095
2016-Q2,UYU,31.331385
2016-Q2,CRC,538.992192
2016-Q2,DOP,45.902876
2016-Q2,PEN,3.30906
2016-Q2,MXN,18.091146
2016-Q2,CLP,677.624914
2016-Q3,COP,2948.829839
2016-Q3,ARS,15.13913
2016-Q3,GTQ,7.555199
2016-Q3,UYU,29.259429
2016-Q3,CRC,550.351331
2016-Q3,DOP,46.0584
2016-Q3,PEN,3.338026
2016-Q3,MXN,18.73905
2016-Q3,CLP,661.69666
2016-Q4,COP,3013.710702
2016-Q4,ARS,15.661957
2016-Q4,GTQ,7.502308
2016-Q4,UYU,28.649923
2016-Q4,CRC,553.433158
2016-Q4,DOP,46.566833
2016-Q4,PEN,3.394735
2016-Q4,MXN,19.830227
2016-Q4,CLP,665.73594
2017-Q1,COP,2921.828814
2017-Q1,ARS,15.871111
2017-Q1,GTQ,7.433533
2017-Q1,UYU,28.502769
2017-Q1,CRC,558.36472
2017-Q1,DOP,47.076167
2017-Q1,PEN,3.287855
2017-Q1,MXN,20.318904
2017-Q1,CLP,655.202132
2017-Q2,COP,2920.254237
2017-Q2,ARS,15.91956
2017-Q2,GTQ,7.340017
2017-Q2,UYU,28.295538
2017-Q2,CRC,568.937792
2017-Q2,DOP,47.4469
2017-Q2,PEN,3.260112
2017-Q2,MXN,18.56731
2017-Q2,CLP,664.145404
2017-Q3,COP,2973.333167
2017-Q3,ARS,17.476141
2017-Q3,GTQ,7.294286
2017-Q3,UYU,28.736692
2017-Q3,CRC,574.2025
2017-Q3,DOP,47.613102
2017-Q3,PEN,3.247544
2017-Q3,MXN,17.827063
2017-Q3,CLP,642.651609
2017-Q4,COP,2987.632105
2017-Q4,ARS,17.721033
2017-Q4,GTQ,7.339086
2017-Q4,UYU,29.147692
2017-Q4,CRC,568.547349
2017-Q4,DOP,48.001265
2017-Q4,PEN,3.248615
2017-Q4,MXN,18.952847
2017-Q4,CLP,633.412601
2018-Q1,COP,2856.991552
2018-Q1,ARS,19.691711
2018-Q1,GTQ,7.365144
2018-Q1,UYU,28.492077
2018-Q1,CRC,568.975639
2018-Q1,DOP,48.821438
2018-Q1,PEN,3.238481
2018-Q1,MXN,18.739425
2018-Q1,CLP,601.937625
2018-Q2,COP,2840.693833
2018-Q2,ARS,23.501451
2018-Q2,GTQ,7.441203
2018-Q2,UYU,30.174154
2018-Q2,CRC,565.925987
2018-Q2,DOP,49.399533
2018-Q2,PEN,3.250787
2018-Q2,MXN,19.414007
2018-Q2,CLP,620.937619
2018-Q3,COP,2960.958475
2018-Q3,ARS,31.931685
2018-Q3,GTQ,7.540875
2018-Q3,UYU,31.819385
2018-Q3,CRC,571.363846
2018-Q3,DOP,49.710833
2018-Q3,PEN,3.29396
2018-Q3,MXN,18.978387
2018-Q3,CLP,663.190872
2018-Q4,COP,3165.813729
2018-Q4,ARS,37.077815
2018-Q4,GTQ,7.718516
2018-Q4,UYU,32.558154
2018-Q4,CRC,601.624532
2018-Q4,DOP,50.108167
2018-Q4,PEN,3.354292
2018-Q4,MXN,19.834005
2018-Q4,CLP,678.81325
2019-Q1,COP,3133.439661
2019-Q1,ARS,39.025711
2019-Q1,GTQ,7.719382
2019-Q1,UYU,32.863385
2019-Q1,CRC,606.652327
2019-Q1,DOP,50.469667
2019-Q1,PEN,3.323343
2019-Q1,MXN,19.199464
2019-Q1,CLP,667.014963
2019-Q2,COP,3240.941525
2019-Q2,ARS,43.934286
2019-Q2,GTQ,7.67145
2019-Q2,UYU,34.887231
2019-Q2,CRC,592.739712
2019-Q2,DOP,50.614933
2019-Q2,PEN,3.318094
2019-Q2,MXN,19.133868
2019-Q2,CLP,683.937286
2019-Q3,COP,3339.725167
2019-Q3,ARS,50.398402
2019-Q3,GTQ,7.683985
2019-Q3,UYU,35.803923
2019-Q3,CRC,574.445274
2019-Q3,DOP,51.2522
2019-Q3,PEN,3.34171
2019-Q3,MXN,19.430449
2019-Q3,CLP,706.068367
2019-Q4,COP,3409.62459
2019-Q4,ARS,59.366261
2019-Q4,GTQ,7.718796
2019-Q4,UYU,37.492154
2019-Q4,CRC,575.34107
2019-Q4,DOP,52.842633
2019-Q4,PEN,3.362217
2019-Q4,MXN,19.260137
2019-Q4,CLP,755.984258
2020-Q1,COP,3544.466949
2020-Q1,ARS,61.529033
2020-Q1,GTQ,7.6775
2020-Q1,UYU,39.565308
2020-Q1,CRC,570.829854
2020-Q1,DOP,53.4059
2020-Q1,PEN,3.358857
2020-Q1,MXN,20.00298
2020-Q1,CLP,802.800894
2020-Q2,COP,3850.03
2020-Q2,ARS,67.646352
2020-Q2,GTQ,7.70111
2020-Q2,UYU,43.230385
2020-Q2,CRC,572.110233
2020-Q2,DOP,55.842867
2020-Q2,PEN,3.429606
2020-Q2,MXN,23.337543
2020-Q2,CLP,822.967469
2020-Q3,COP,3730.666129
2020-Q3,ARS,73.25087
2020-Q3,GTQ,7.719042
2020-Q3,UYU,42.713615
2020-Q3,CRC,590.966774
2020-Q3,DOP,58.4331
2020-Q3,PEN,3.540248
2020-Q3,MXN,22.092262
2020-Q3,CLP,780.931126
2020-Q4,COP,3660.927288
2020-Q4,ARS,80.032826
2020-Q4,GTQ,7.790502
2020-Q4,UYU,42.634769
2020-Q4,CRC,605.696559
2020-Q4,DOP,58.416267
2020-Q4,PEN,3.601998
2020-Q4,MXN,20.550579
2020-Q4,CLP,761.961635
2021-Q1,COP,3562.135
2021-Q1,ARS,88.547667
2021-Q1,GTQ,7.752138
2021-Q1,UYU,43.108077
2021-Q1,CRC,611.264626
2021-Q1,DOP,57.9517
2021-Q1,PEN,3.659334
2021-Q1,MXN,20.33874
2021-Q1,CLP,724.182862
2021-Q2,COP,3695.272034
2021-Q2,ARS,94.028242
2021-Q2,GTQ,7.723246
2021-Q2,UYU,43.921385
2021-Q2,CRC,615.382111
2021-Q2,DOP,57.0875
2021-Q2,PEN,3.736499
2021-Q2,MXN,20.009943
2021-Q2,CLP,715.549746
2021-Q3,COP,3847.456613
2021-Q3,ARS,97.208043
2021-Q3,GTQ,7.738517
2021-Q3,UYU,43.275385
2021-Q3,CRC,621.377079
2021-Q3,DOP,57.046667
2021-Q3,PEN,4.023764
2021-Q3,MXN,20.021368
2021-Q3,CLP,771.298283
2021-Q4,COP,3883.45678
2021-Q4,ARS,100.473696
2021-Q4,GTQ,7.729399
2021-Q4,UYU,44.011857
2021-Q4,CRC,635.115064
2021-Q4,DOP,56.7986
2021-Q4,PEN,4.017323
2021-Q4,MXN,20.737531
2021-Q4,CLP,825.232389
2022-Q1,COP,3908.490339
2022-Q1,ARS,106.560667
2022-Q1,GTQ,7.698713
2022-Q1,UYU,43.292167
2022-Q1,CRC,643.693458
2022-Q1,DOP,56.5786
2022-Q1,PEN,3.806289
2022-Q1,MXN,20.496221
2022-Q1,CLP,809.43513
2022-Q2,COP,3919.348333
2022-Q2,ARS,117.874505
2022-Q2,GTQ,7.689085
2022-Q2,UYU,40.552923
2022-Q2,CRC,673.5549
2022-Q2,DOP,55.1736
2022-Q2,PEN,3.748142
2022-Q2,MXN,20.035001
2022-Q2,CLP,840.760833
2022-Q3,COP,4384.343065
2022-Q3,ARS,135.508261
2022-Q3,GTQ,7.756595
2022-Q3,UYU,40.8515
2022-Q3,CRC,661.007511
2022-Q3,DOP,54.040667
2022-Q3,PEN,3.88799
2022-Q3,MXN,20.242708
2022-Q3,CLP,926.355321
2022-Q4,COP,4811.555789
2022-Q4,ARS,162.180652
2022-Q4,GTQ,7.849802
2022-Q4,UYU,39.926077
2022-Q4,CRC,610.287402
2022-Q4,DOP,54.7711
2022-Q4,PEN,3.895066
2022-Q4,MXN,19.684587
2022-Q4,CLP,916.203008
2023-Q1,COP,4754.554746
2023-Q1,ARS,192.327111
2023-Q1,GTQ,7.828945
2023-Q1,UYU,39.179154
2023-Q1,CRC,563.788546
2023-Q1,DOP,55.986767
2023-Q1,PEN,3.806197
2023-Q1,MXN,18.681422
2023-Q1,CLP,811.365709
2023-Q2,COP,4424.274483
2023-Q2,ARS,231.74
2023-Q2,GTQ,7.815429
2023-Q2,UYU,38.558
2023-Q2,CRC,541.091007
2023-Q2,DOP,54.9049
2023-Q2,PEN,3.708329
2023-Q2,MXN,17.686321
2023-Q2,CLP,800.781599
2023-Q3,COP,4044.646667
2023-Q3,ARS,312.129912
2023-Q3,GTQ,7.858772
2023-Q3,UYU,37.980769
2023-Q3,CRC,540.016342
2023-Q3,DOP,56.599633
2023-Q3,PEN,3.675769
2023-Q3,MXN,17.063371
2023-Q3,CLP,851.153457
2023-Q4,COP,4070.235614
2023-Q4,ARS,448.492991
2023-Q4,GTQ,7.832143
2023-Q4,UYU,39.519923
2023-Q4,CRC,531.307206
2023-Q4,DOP,57.1391
2023-Q4,PEN,3.779991
2023-Q4,MXN,17.556869
2023-Q4,CLP,895.875692
2024-Q1,COP,3921.556207
2024-Q1,ARS,853.32967
2024-Q1,GTQ,7.811271
2024-Q1,UYU,38.812923
2024-Q1,CRC,513.842525
2024-Q1,DOP,58.971033
2024-Q1,PEN,3.758891
2024-Q1,MXN,16.987318
2024-Q1,CLP,946.4539
2024-Q2,COP,3924.227288
2024-Q2,ARS,904.752747
2024-Q2,GTQ,7.770835
2024-Q2,UYU,38.800385
2024-Q2,CRC,513.20555
2024-Q2,DOP,59.079067
2024-Q2,PEN,3.748895
2024-Q2,MXN,17.269731
2024-Q2,CLP,934.698793
2024-Q3,COP,4094.898167
2024-Q3,ARS,961.190217
2024-Q3,GTQ,7.740886
2024-Q3,UYU,40.529
2024-Q3,CRC,522.66597
2024-Q3,DOP,59.7144
2024-Q3,PEN,3.75798
2024-Q3,MXN,18.950331
2024-Q3,CLP,931.22353
2024-Q4,COP,4347.314918
2024-Q4,ARS,1021.130435
2024-Q4,GTQ,7.716555
2024-Q4,UYU,42.662692
2024-Q4,CRC,510.725043
2024-Q4,DOP,60.496033
2024-Q4,PEN,3.755779
2024-Q4,MXN,20.093975
2024-Q4,CLP,962.569424
2025-Q1,COP,4185.534828
2025-Q1,ARS,1076.155556
2025-Q1,GTQ,7.711984
2025-Q1,UYU,43.033385
2025-Q1,CRC,504.561609
2025-Q1,DOP,62.349467
2025-Q1,PEN,3.700173
2025-Q1,MXN,20.431672
2025-Q1,CLP,963.311847
2025-Q2,COP,4200.682414
2025-Q2,ARS,1167.934066
2025-Q2,GTQ,7.686828
2025-Q2,UYU,41.638231
2025-Q2,CRC,505.683595
2025-Q2,DOP,59.839533
2025-Q2,PEN,3.651802
2025-Q2,MXN,19.519251
2025-Q2,CLP,947.002214
2025-Q3,COP,4005.551803
2025-Q3,ARS,1347.608696
2025-Q3,GTQ,7.664519
2025-Q3,UYU,40.086846
2025-Q3,CRC,504.57505
2025-Q3,DOP,61.988967
2025-Q3,PEN,3.534073
2025-Q3,MXN,18.64026
2025-Q3,CLP,959.407
2025-Q4,COP,3823.67322
2025-Q4,ARS,1462.826087
2025-Q4,GTQ,7.656351
2025-Q4,UYU,39.578
2025-Q4,CRC,499.167075
2025-Q4,DOP,63.7683
2025-Q4,PEN,3.39347
2025-Q4,MXN,18.312296
2025-Q4,CLP,935.277894
2026-Q1,COP,3695.905
2026-Q1,ARS,1444.868421
2026-Q1,GTQ,7.661908
2026-Q1,UYU,39.137769
2026-Q1,CRC,482.84429
2026-Q1,DOP,62.124333
2026-Q1,PEN,3.356863
2026-Q1,MXN,17.553225
2026-Q1,CLP,885.292965
